{"UUID":"8vQaX7CchIuoud3ksdZVLB","layoutMainAxisSizing":null,"layoutCrossAxisSizing":null,"name":"Snipe","isVisible":true,"boundaryRectangle":null,"style":null,"prototypeNodeUUID":null,"child":null,"constraints":null,"debug":false,"pngPath":"/usr/src/app/temp-out/pb-tmp-a52e082d-3e22-442a-a0bc-376d3d83d794/snipe/lib/assets/images","pages":[{"UUID":"0:1","layoutMainAxisSizing":null,"layoutCrossAxisSizing":null,"name":"Onbonding Screens","isVisible":true,"boundaryRectangle":null,"style":null,"prototypeNodeUUID":null,"child":null,"constraints":null,"convert":true,"screens":[],"pbdlType":"page"},{"UUID":"110:2","layoutMainAxisSizing":null,"layoutCrossAxisSizing":null,"name":"Shops Map Screen","isVisible":true,"boundaryRectangle":null,"style":null,"prototypeNodeUUID":null,"child":null,"constraints":null,"convert":true,"screens":[],"pbdlType":"page"},{"UUID":"117:2","layoutMainAxisSizing":null,"layoutCrossAxisSizing":null,"name":"Favorite Place","isVisible":true,"boundaryRectangle":null,"style":null,"prototypeNodeUUID":null,"child":null,"constraints":null,"convert":true,"screens":[],"pbdlType":"page"},{"UUID":"117:8373","layoutMainAxisSizing":null,"layoutCrossAxisSizing":null,"name":"Nearest Place","isVisible":true,"boundaryRectangle":null,"style":null,"prototypeNodeUUID":null,"child":null,"constraints":null,"convert":true,"screens":[],"pbdlType":"page"},{"UUID":"121:8458","layoutMainAxisSizing":null,"layoutCrossAxisSizing":null,"name":"Trace Member Screen","isVisible":true,"boundaryRectangle":null,"style":null,"prototypeNodeUUID":null,"child":null,"constraints":null,"convert":true,"screens":[],"pbdlType":"page"},{"UUID":"14:92","layoutMainAxisSizing":null,"layoutCrossAxisSizing":null,"name":"Home Screen","isVisible":true,"boundaryRectangle":null,"style":null,"prototypeNodeUUID":null,"child":null,"constraints":null,"convert":true,"screens":[],"pbdlType":"page"}],"miscPages":[],"sharedStyles":[],"globalStyles":{"UUID":"","layoutMainAxisSizing":null,"layoutCrossAxisSizing":null,"name":"","isVisible":false,"boundaryRectangle":null,"style":null,"prototypeNodeUUID":null,"child":null,"constraints":null,"pbdlType":"global_styles","designSystem":"material","colors":[{"UUID":"117:8238","layoutMainAxisSizing":null,"layoutCrossAxisSizing":null,"name":"M3/ref/primary/primary99","isVisible":false,"boundaryRectangle":null,"style":null,"prototypeNodeUUID":null,"child":null,"constraints":null,"description":"","pbdlType":"global_color","color":{"a":1.0,"r":1.0,"g":0.9843137264251709,"b":0.9960784316062927}},{"UUID":"117:8","layoutMainAxisSizing":null,"layoutCrossAxisSizing":null,"name":"M3/sys/light/on-surface-variant","isVisible":false,"boundaryRectangle":null,"style":null,"prototypeNodeUUID":null,"child":null,"constraints":null,"description":"","pbdlType":"global_color","color":{"a":1.0,"r":0.2862745225429535,"g":0.2705882489681244,"b":0.30980393290519714}},{"UUID":"117:8222","layoutMainAxisSizing":null,"layoutCrossAxisSizing":null,"name":"M3/ref/primary/primary0","isVisible":false,"boundaryRectangle":null,"style":null,"prototypeNodeUUID":null,"child":null,"constraints":null,"description":"","pbdlType":"global_color","color":{"a":1.0,"r":0.0,"g":0.0,"b":0.0}},{"UUID":"117:8223","layoutMainAxisSizing":null,"layoutCrossAxisSizing":null,"name":"M3/sys/light/inverse-surface","isVisible":false,"boundaryRectangle":null,"style":null,"prototypeNodeUUID":null,"child":null,"constraints":null,"description":"","pbdlType":"global_color","color":{"a":1.0,"r":0.1921568661928177,"g":0.1882352977991104,"b":0.20000000298023224}},{"UUID":"117:8224","layoutMainAxisSizing":null,"layoutCrossAxisSizing":null,"name":"M3/sys/light/on-secondary","isVisible":false,"boundaryRectangle":null,"style":null,"prototypeNodeUUID":null,"child":null,"constraints":null,"description":"","pbdlType":"global_color","color":{"a":1.0,"r":1.0,"g":1.0,"b":1.0}},{"UUID":"117:8240","layoutMainAxisSizing":null,"layoutCrossAxisSizing":null,"name":"M3/ref/neutral/neutral30","isVisible":false,"boundaryRectangle":null,"style":null,"prototypeNodeUUID":null,"child":null,"constraints":null,"description":"","pbdlType":"global_color","color":{"a":1.0,"r":0.2823529541492462,"g":0.27450981736183167,"b":0.2862745225429535}},{"UUID":"117:8241","layoutMainAxisSizing":null,"layoutCrossAxisSizing":null,"name":"M3/ref/secondary/secondary0","isVisible":false,"boundaryRectangle":null,"style":null,"prototypeNodeUUID":null,"child":null,"constraints":null,"description":"","pbdlType":"global_color","color":{"a":1.0,"r":0.0,"g":0.0,"b":0.0}},{"UUID":"117:8236","layoutMainAxisSizing":null,"layoutCrossAxisSizing":null,"name":"M3/ref/primary/primary100","isVisible":false,"boundaryRectangle":null,"style":null,"prototypeNodeUUID":null,"child":null,"constraints":null,"description":"","pbdlType":"global_color","color":{"a":1.0,"r":1.0,"g":1.0,"b":1.0}},{"UUID":"123:87","layoutMainAxisSizing":null,"layoutCrossAxisSizing":null,"name":"green","isVisible":false,"boundaryRectangle":null,"style":null,"prototypeNodeUUID":null,"child":null,"constraints":null,"description":"","pbdlType":"global_color","color":{"a":1.0,"r":0.7137255072593689,"g":0.8823529481887817,"b":0.239215686917305}},{"UUID":"122:8650","layoutMainAxisSizing":null,"layoutCrossAxisSizing":null,"name":"B4","isVisible":false,"boundaryRectangle":null,"style":null,"prototypeNodeUUID":null,"child":null,"constraints":null,"description":"","pbdlType":"global_color","color":{"a":1.0,"r":0.06000000238418579,"g":0.2671999931335449,"b":0.800000011920929}},{"UUID":"122:8652","layoutMainAxisSizing":null,"layoutCrossAxisSizing":null,"name":"Label Color/Light/Primary","isVisible":false,"boundaryRectangle":null,"style":null,"prototypeNodeUUID":null,"child":null,"constraints":null,"description":"","pbdlType":"global_color","color":{"a":1.0,"r":0.0,"g":0.0,"b":0.0}}],"textStyles":[{"UUID":"14:106","layoutMainAxisSizing":null,"layoutCrossAxisSizing":null,"name":"Medium Normal","isVisible":false,"boundaryRectangle":null,"style":null,"prototypeNodeUUID":null,"child":null,"constraints":null,"description":"","pbdlType":"global_text_style","textStyle":{"UUID":"","layoutMainAxisSizing":null,"layoutCrossAxisSizing":null,"name":"","isVisible":false,"boundaryRectangle":null,"style":null,"prototypeNodeUUID":"","child":null,"constraints":null,"fontFamily":"Proxima Nova","fontPostScriptName":"ProximaNova-Regular","paragraphSpacing":0,"paragraphIndent":0,"listSpacing":0,"italics":null,"fontWeight":400,"fontSize":14.0,"textCase":"ORIGINAL","textDecoration":"NONE","textAutoResize":"WIDTH_AND_HEIGHT","textAlignHorizontal":"LEFT","textAlignVertical":"TOP","letterSpacing":-0.28,"fills":null,"hyperLink":null,"opentypeFlags":{},"lineHeightPx":15.932000160217285,"lineHeightPercent":103.45454406738281,"lineHeightPercentFontSize":113.80000305175781,"lineHeightUnit":"FONT_SIZE_%","pbdlType":"text_style"}},{"UUID":"14:107","layoutMainAxisSizing":null,"layoutCrossAxisSizing":null,"name":"Large Bold","isVisible":false,"boundaryRectangle":null,"style":null,"prototypeNodeUUID":null,"child":null,"constraints":null,"description":"","pbdlType":"global_text_style","textStyle":{"UUID":"","layoutMainAxisSizing":null,"layoutCrossAxisSizing":null,"name":"","isVisible":false,"boundaryRectangle":null,"style":null,"prototypeNodeUUID":"","child":null,"constraints":null,"fontFamily":"Proxima Nova","fontPostScriptName":"ProximaNova-Bold","paragraphSpacing":0,"paragraphIndent":0,"listSpacing":0,"italics":null,"fontWeight":700,"fontSize":16.0,"textCase":"ORIGINAL","textDecoration":"NONE","textAutoResize":"WIDTH_AND_HEIGHT","textAlignHorizontal":"LEFT","textAlignVertical":"TOP","letterSpacing":-0.16,"fills":null,"hyperLink":null,"opentypeFlags":{},"lineHeightPx":20.447999954223633,"lineHeightPercent":116.18181610107422,"lineHeightPercentFontSize":127.80000305175781,"lineHeightUnit":"FONT_SIZE_%","pbdlType":"text_style"}},{"UUID":"14:108","layoutMainAxisSizing":null,"layoutCrossAxisSizing":null,"name":"Small Normal","isVisible":false,"boundaryRectangle":null,"style":null,"prototypeNodeUUID":null,"child":null,"constraints":null,"description":"","pbdlType":"global_text_style","textStyle":{"UUID":"","layoutMainAxisSizing":null,"layoutCrossAxisSizing":null,"name":"","isVisible":false,"boundaryRectangle":null,"style":null,"prototypeNodeUUID":"","child":null,"constraints":null,"fontFamily":"Proxima Nova","fontPostScriptName":"ProximaNova-Regular","paragraphSpacing":0,"paragraphIndent":0,"listSpacing":0,"italics":null,"fontWeight":400,"fontSize":12.0,"textCase":"ORIGINAL","textDecoration":"NONE","textAutoResize":"WIDTH_AND_HEIGHT","textAlignHorizontal":"LEFT","textAlignVertical":"TOP","letterSpacing":0.0,"fills":null,"hyperLink":null,"opentypeFlags":{},"lineHeightPx":13.799999237060547,"lineHeightPercent":104.54545593261719,"lineHeightPercentFontSize":115.0,"lineHeightUnit":"FONT_SIZE_%","pbdlType":"text_style"}},{"UUID":"14:110","layoutMainAxisSizing":null,"layoutCrossAxisSizing":null,"name":"Button","isVisible":false,"boundaryRectangle":null,"style":null,"prototypeNodeUUID":null,"child":null,"constraints":null,"description":"","pbdlType":"global_text_style","textStyle":{"UUID":"","layoutMainAxisSizing":null,"layoutCrossAxisSizing":null,"name":"","isVisible":false,"boundaryRectangle":null,"style":null,"prototypeNodeUUID":"","child":null,"constraints":null,"fontFamily":"Proxima Nova","fontPostScriptName":"ProximaNova-Semibold","paragraphSpacing":0,"paragraphIndent":0,"listSpacing":0,"italics":null,"fontWeight":600,"fontSize":14.0,"textCase":"ORIGINAL","textDecoration":"NONE","textAutoResize":"WIDTH_AND_HEIGHT","textAlignHorizontal":"LEFT","textAlignVertical":"TOP","letterSpacing":0.0,"fills":null,"hyperLink":null,"opentypeFlags":{},"lineHeightPx":18.0,"lineHeightPercent":116.88311004638672,"lineHeightPercentFontSize":128.57142639160156,"lineHeightUnit":"PIXELS","pbdlType":"text_style"}}],"themeColors":[{"UUID":"117:5","layoutMainAxisSizing":null,"layoutCrossAxisSizing":null,"name":"M3/sys/light/surface","isVisible":false,"boundaryRectangle":null,"style":null,"prototypeNodeUUID":null,"child":null,"constraints":null,"description":"surface : on-surface\n\nRegular text:\nLevel AA - ✅ Pass\nLevel AAA - ✅ Pass\n\nLarge text:\nLevel AA - ✅ Pass\nLevel AAA - ✅ Pass\n\nIcons:\nLevel AA - ✅ Pass\n","pbdlType":"global_color","color":{"a":1.0,"r":1.0,"g":0.9843137264251709,"b":0.9960784316062927},"colorScheme":"light"}],"themeTextStyles":[]},"pbdlType":"project","azure_container_uri":"https://pbnestcore.blob.core.windows.net/8vqax7cchiuoud3ksdzvlb"}